scenario,static_tstt,dynamic_tstt,max_vc,saturated_count,completion_rate
Baseline,139256.92473662284,90230.20514063814,2.170625,6,0.8691331216031304
S1,127278.2665081157,88794.69953279576,2.0125,5,0.8757929435887606
S2,71811.33841077595,69207.55575687958,0.8775,0,0.9581203481799914
S3,73813.30206609586,71086.28155665417,0.7867142857142857,0,0.9515766653734998
