t_minute,release_rate
0.0,3e-06
0.25,0.071143
0.5,0.128956
0.75,0.174728
1.0,0.209692
1.25,0.235022
1.5,0.251836
1.75,0.261195
2.0,0.264101
2.25,0.261501
2.5,0.254282
2.75,0.243275
3.0,0.229255
3.25,0.212937
3.5,0.194981
3.75,0.175989
4.0,0.156505
4.25,0.137016
4.5,0.117952
4.75,0.099685
5.0,0.082532
5.25,0.066749
5.5,0.052538
5.75,0.040041
6.0,0.029345
6.25,0.020478
6.5,0.013411
6.75,0.00806
7.0,0.004279
7.25,0.00187
7.5,0.000573
7.75,7.4e-05
8.0,0.0
